<?xml version="1.0" encoding="UTF-8"?>
<project-private xmlns="http://www.netbeans.org/ns/project-private/1">
    <editor-bookmarks xmlns="http://www.netbeans.org/ns/editor-bookmarks/2" lastBookmarkId="0"/>
    <open-files xmlns="http://www.netbeans.org/ns/projectui-open-files/2">
        <group>
            <file>file:/home/unsis/Documentos/workspace/segundoparcial/Proyectosegpar/src/ahorcado/juego/pojo/Jugador.java</file>
            <file>file:/home/unsis/Documentos/workspace/segundoparcial/Proyectosegpar/src/ahorcado/juego/model/Jugador_Model.java</file>
            <file>file:/home/unsis/Documentos/workspace/segundoparcial/Proyectosegpar/src/ahorcado/juego/controller/JugadorController.java</file>
            <file>file:/home/unsis/Documentos/workspace/segundoparcial/Proyectosegpar/src/ahorcado/juego/view/Juego.java</file>
            <file>file:/home/unsis/Documentos/workspace/segundoparcial/Proyectosegpar/src/ahorcado/juego/view/Ahorcado.java</file>
            <file>file:/home/unsis/Documentos/workspace/segundoparcial/Proyectosegpar/src/ahorcado/juego/view/Registrar.java</file>
            <file>file:/home/unsis/Documentos/workspace/segundoparcial/Proyectosegpar/src/Media/Principal.java</file>
            <file>file:/home/unsis/Documentos/workspace/segundoparcial/Proyectosegpar/src/ahorcado/juego/view/Puntajes_altos.java</file>
            <file>file:/home/unsis/Documentos/workspace/segundoparcial/Proyectosegpar/src/ahorcado/juego/view/PrincipalGrafico.java</file>
        </group>
    </open-files>
</project-private>
